url_path,views_total,views_unique
/George-R-Heath/NanoLocz,43,18
/George-R-Heath/NanoLocz/releases,8,6
/George-R-Heath/NanoLocz/tree/main,6,2
/George-R-Heath/NanoLocz/blob/main/Mat_SimAFM/add_para.m,5,1
/George-R-Heath/NanoLocz/tree/main/.github/workflows,4,2
/George-R-Heath/NanoLocz/pulse,4,1
/George-R-Heath/NanoLocz/graphs/traffic,3,1
/George-R-Heath/NanoLocz/tree/main/Mat_SimAFM,2,2
/George-R-Heath/NanoLocz/blob/main/.github/workflows/jekyll-gh-pages.yml,2,1
/George-R-Heath/NanoLocz/blob/main/Example%20Data/Example_NanoRacer%20(jpk)/save-2022.07.01-11.35.24.780.jpk,1,1
